{
  "name": "bem-core",
  "version": "2.6.0",
  "description": "bem-core Library",
  "repository": {
    "type": "git",
    "url": "git://github.com/bem/bem-core.git"
  },
  "keywords": [
    "bem",
    "core"
  ],
  "authors": [
    "Sergey Belov <peimei@ya.ru>"
  ],
  "main": "",
  "devDependencies": {
    "bem-pr": "git://github.com/narqo/bem-pr.git#0.9.0"
  },
  "license": "MPL-2.0",
  "private": true,
  "ignore": [
    "node_modules",
    "libs",
    "tools",
    "*.bundles"
  ],
  "homepage": "https://github.com/bem/bem-core",
  "_release": "2.6.0",
  "_resolution": {
    "type": "version",
    "tag": "v2.6.0",
    "commit": "6de797f7b27bcd72e7ed54d697793acc6c502d43"
  },
  "_source": "git://github.com/bem/bem-core.git",
  "_target": "2.6.0",
  "_originalSource": "bem-core"
}